name,url,username,password
127.0.0.1,http://127.0.0.1:32400/web/index.html,zayed_rudro,Rud05906511
161.97.127.218,http://161.97.127.218:8055/student_login_averos.aspx,2016147-01745445928,Rud05906511
acs.dhakabank.com.bd,https://acs.dhakabank.com.bd:18286/PaReqVISA.jsp,,135907
acs1.itcbd.com,https://acs1.itcbd.com:18286/PaReqVISA.jsp,,866794
s.activision.com,https://s.activision.com/activision/login,zayed.abdullah.bgd@gmail.com,Rud05906511
adobeid-na1.services.adobe.com,https://adobeid-na1.services.adobe.com/renga-idprovider/pages/login,rudro54@gmail.com,Rud05906511
www.amazon.com,https://www.amazon.com/ap/signin,rudro54@gmail.com,Rud05906511
idmsa.apple.com,https://idmsa.apple.com/appleauth/auth/authorize/signin,aurin.abdullah@gmail.com,Rudro05906511
idmsa.apple.com,https://idmsa.apple.com/appleauth/auth/authorize/signin,md.tanvirahmedsaif@gmail.com,iCAP1122
idmsa.apple.com,https://idmsa.apple.com/appleauth/auth/authorize/signin,rudro54@gmail.com,Rud05906511zayed
,android://gUTbVVdNdsZisK2b0jdvNE4kXkOfrXgwMCx7yxgbl53bx7K5BQAjGSVO-8wPG7E54ckyzbM1fXE3gm-PwbO8Mw==@com.asus.aihome/,ADMIN,ZAYED
,android://gUTbVVdNdsZisK2b0jdvNE4kXkOfrXgwMCx7yxgbl53bx7K5BQAjGSVO-8wPG7E54ckyzbM1fXE3gm-PwbO8Mw==@com.asus.aihome/,Admin,zayed
,android://gUTbVVdNdsZisK2b0jdvNE4kXkOfrXgwMCx7yxgbl53bx7K5BQAjGSVO-8wPG7E54ckyzbM1fXE3gm-PwbO8Mw==@com.asus.aihome/,admin,zayed
,android://gUTbVVdNdsZisK2b0jdvNE4kXkOfrXgwMCx7yxgbl53bx7K5BQAjGSVO-8wPG7E54ckyzbM1fXE3gm-PwbO8Mw==@com.asus.aihome/,zayed,ZAYED
router.asus.com,http://router.asus.com/Main_Login.asp,admin,zayed
router.asus.com,http://router.asus.com/Advanced_WTFast_Content.asp,rudro54@gmail.com,Rud05906511
baatighar.com,https://baatighar.com/web/signup,rudro54@gmail.com,Rud05906511
signup.babymedia.net,https://signup.babymedia.net/en/html/sf/registration/eone_m3dsc.html,rudro54@gmail.com,Rud05906511
banglargonji.com,https://banglargonji.com/my-account/,rudro54@gmail.com,Rud05906511
client.pay.bka.sh,https://client.pay.bka.sh/checkout/2,,39250
eamidentity.britishcouncil.org,https://eamidentity.britishcouncil.org/account/login,rudro54@gmail.com,Rud05906511
ieltsregistration.britishcouncil.org,https://ieltsregistration.britishcouncil.org/login,rudro54@gmail.com,Rud05906511
bsp.brta.gov.bd,https://bsp.brta.gov.bd/userActivation,aurin.abdullah@gmail.com,Rud05906511
profile.callofduty.com,https://profile.callofduty.com/,rudro54@gmail.com,Rud05906511
www.chd4.com,https://www.chd4.com/index.php,rudro54,Rud05906511
www.codecademy.com,https://www.codecademy.com/login,rudro54@gmail.com,Rud05906511
www.codeply.com,https://www.codeply.com/,rudro54@gmail.com,Rud05906511
www.codewars.com,https://www.codewars.com/,rudro54,Rud05906511
www.crazyhd.com,https://www.crazyhd.com/,rudro54,Rud05906511
www.datacamp.com,https://www.datacamp.com/courses/introduction-to-sql,rudro54@gmail.com,Rud05906511
,android://BnX9M66KmaqmzgqWgQxmbrJB_wO0ST53-DUZCnxDdLwf4JAsUtM2kKGudjeBclJFUquAP2JTpypk9qobA6PGMA==@com.discord/,zayed54,Rud05906511
discord.com,https://discord.com/login,rudro54@gmail.com,Rud05906511
dribbble.com,https://dribbble.com/signup,rudro54,Rud05906511
,android://IOki8gmf4whLAX9cZY5ueII1gtbeo8Ijf_ENSVTsxGgWNjNaFxcKce-JZ4mabdbVf8KT0TUOcfLRsUui3uDL6A==@com.dropbox.android/,rudro54@gmail.com,Rud05906511
ecom.dutchbanglabank.com,https://ecom.dutchbanglabank.com/,rudro54@gmail.com,235965
edabit.com,https://edabit.com/,rudro54,Rud05906511
www.educba.com,https://www.educba.com/my-courses/free/,,Rud05906511
www.epassport.gov.bd,https://www.epassport.gov.bd/authorization/login,aurin.abdullah@gmail.com,Rud05906511
www.epassport.gov.bd,https://www.epassport.gov.bd/authorization/sign-up;shouldPrefillEmail=true,rudro54@gmail.com,Rud05906511
www.epassport.gov.bd,https://www.epassport.gov.bd/authorization/login,zafirah.zayed@gmail.com,Rud05906511
www.epassport.gov.bd,https://www.epassport.gov.bd/authorization/login,zyva.zayed@gmail.com,Rud05906511
www.evernote.com,https://www.evernote.com/ResetPassword.action,,Rud05906511
,android://zQxb6hXv1MJiC1Yyotdhi8HP-y7fwPcOLwPOWTwWKpP2VXcbsuIiI4iJ1KV0Dz3LzVsUuKJmYCBIUAxnsPB9FA==@com.facebook.katana/,aurin.abdullah@gmail.com,05906511
www.facebook.com,https://www.facebook.com/,aurin.abdullah@gmail.com,05906511
www.facebook.com,https://www.facebook.com/,rudro54@gmail.com,mjafrullahhasinamonicazafirahzyva
www.facebook.com,https://www.facebook.com/login/device-based/regular/login/,zayed.abdullah.bgd@gmail.com,mjafrullahhasinamonicazafirahzyva
web.facebook.com,https://web.facebook.com/,aurin.abdullah@gmail.com,05906511
web.facebook.com,https://web.facebook.com/,rudro54@gmail.com,mjafrullahhasinamonicazafirahzyva
web.facebook.com,https://web.facebook.com/,zayed.abdullah.bgd@gmail.com,mjafrullahhasinamonicazafirahzyva
www.fiverr.com,https://www.fiverr.com/,Zayed54,Rud05906511
fontawesome.com,https://fontawesome.com/sessions/sign-in,rudro54@gmail.com,Rud05906511
cgifederal.secure.force.com,https://cgifederal.secure.force.com/SiteRegister,rudro54@gmail.com,Rud05906511
sso.garmin.com,https://sso.garmin.com/sso/signin,rudro54@gmail.com,Rud05906511
auth.geeksforgeeks.org,https://auth.geeksforgeeks.org/,rudro54@gmail.com,Rud05906511
practice.geeksforgeeks.org,https://practice.geeksforgeeks.org/problems/equilibrium-point-1587115620/1,rudro54@gmail.com,Rud05906511
github.com,https://github.com/,rudro54,Rud05906511
,android://CblD9JQZJZvRqtsq8SgQ5iWIhy8HbnA7z7voYrtFovota7uvj14c5-4rDcmPoNsYjARUUGqvpA7NLo34RBAwpA==@dji.go.v4/,rudro54@gmail.com,Rud05906511
accounts.google.com,https://accounts.google.com/signin/v2/sl/pwd,aurin.abdullah,05906511
accounts.google.com,https://accounts.google.com/signin/v2/challenge/pwd,aurin.abdullah@gmail.com,05906511
accounts.google.com,https://accounts.google.com/signin/v2/challenge/pwd,rudro54@gmail.com,mjafrullahhasinamonicazafirahzyva
accounts.google.com,https://accounts.google.com/signin/v2/sl/pwd,zayed.abdullah.bgd,mjafrullahhasinamonica
accounts.google.com,https://accounts.google.com/ServiceLogin,zayed@gemconcorp.com,Rud05906511
mail.google.com,https://mail.google.com/mail/u/0/,inbox/FMfcgxwLtkTNMfNmmZkVRHTcBgPWnRXw?projector=1&messagePartId=0.7,556
,android://8tkO68JcTU_BKgdRv8FZ0Z0V9CUulDVnXw45f-BmTTJppOx_Kfv7PeAzYQPEcy1MbPdCoBf6UvxVMDdrCCZBeg==@com.gplex.dhakabank/,01776195141,1234
,android://0l6IWehSgbr9Qaz_p5XfQcIrprlZhwYtYY9_5Ah8lohPdB4vTV0Vs321Ts5yTJ04Ur9RIWzUdXJFv7m6xDKXyQ==@com.graymatrix.did/,rudro54@gmail.com,Rud05906511
www.hackerrank.com,https://www.hackerrank.com/auth/signup,rudro54@gmail.com,Rud05906511
learnwith.hasinhayder.com,https://learnwith.hasinhayder.com/wp/checkout/,rudro54@gmail.com,Rud05906511
indobangla.com.bd,https://indobangla.com.bd/book/index.php,rudro54@gmail.com,Rud05906511
myjobstreet.jobstreet.com,https://myjobstreet.jobstreet.com/home/reset-password.php,,Rud05906511
myjobstreet.jobstreet.com.my,https://myjobstreet.jobstreet.com.my/home/login.php,rudro54@gmail.com,Rud05906511
jsbangladesh.com,https://jsbangladesh.com/courses/mastering-web-design/,rudro54,Rud05906511
www.khanacademy.org,https://www.khanacademy.org/signup,rudro54@gmail.com,Rud05906511
learningbangladesh.com,https://learningbangladesh.com/wp-login.php,abdullah al.zayed,Rud05906511
leetcode.com,https://leetcode.com/accounts/signup/,rudro54,Rud05906511
identity.lego.com,https://identity.lego.com/en-US/register,rudro54@gmail.com,Rud05906511
www.linkedin.com,https://www.linkedin.com/uas/login,rudro54@gmail.com,Rud05906511
login.live.com,https://login.live.com/login.srf,zayed.rudro@outlook.com,Hit123@@
accounts.logme.in,https://accounts.logme.in/forgotpasswordchange.aspx,,Rud05906511
ielts.magoosh.com,https://ielts.magoosh.com/,rudro54@gmail.c,ru
ielts.magoosh.com,https://ielts.magoosh.com/login,rudro54@gmail.com,rud05906511
ieltsgt.magoosh.com,https://ieltsgt.magoosh.com/login,rudro54@gmail.com,rud05906511
login.microsoftonline.com,https://login.microsoftonline.com/common/login,zayed@gemconcorp.com,Rud05906511
moz.com,https://moz.com/community/join,rudro54@gmail.com,Rud05906511
www.netflix.com,https://www.netflix.com/bd/Login,rudro54@gmail.com,Rud05906511
school.nlquran.com,https://school.nlquran.com/,rudro54,Rud05906511
www.opensubtitles.org,https://www.opensubtitles.org/en/login,zayed_rudro,Rud05906511
pcc.police.gov.bd,http://pcc.police.gov.bd:8080/ords/f,01950474856,1d0ntC4r3
,android://CblD9JQZJZvRqtsq8SgQ5iWIhy8HbnA7z7voYrtFovota7uvj14c5-4rDcmPoNsYjARUUGqvpA7NLo34RBAwpA==@dji.pilot/,rudro54@gmail.com,Rud05906511
,android://kCyQDzpaoAX2gs-1zdGPKNAeICb8LzRFOxa4NCq0jO8c8d_NFS_q-Y35bU3Nq3GmFV2lLurmNvIZa6YPYZwmWg==@com.pinterest/,rudro54@gmail.com,
www.plex.tv,https://www.plex.tv/,rudro54,05906511
app.plex.tv,https://app.plex.tv/auth/,rudro54,05906511
app.pluralsight.com,https://app.pluralsight.com/id,rudro54@gmail.com,Rud05906511
bangla.programming-hero.com,https://bangla.programming-hero.com/my-account/,abdullah al.zayed,Rud05906511
web.programming-hero.com,https://web.programming-hero.com/login,abdullah al.zayed,Rud05906511
web.programming-hero.com,https://web.programming-hero.com/login,rudro54@gmail.com,Rud05906511
www.queensuniversity.edu.bd,http://www.queensuniversity.edu.bd/student/login,rudro54@gmail.com,Rud05906511
www.quora.com,https://www.quora.com/Is-codeacademy-the-best-website-to-learn-programming,rudro54@gmail.com,Rud05906511
www.reddit.com,https://www.reddit.com/login/,rudro54,Rud05906511
www.reddit.com,https://www.reddit.com/login/,rudro54@gmail.com,Rud05906511
accounts.reddit.com,https://accounts.reddit.com/resetpassword/AkBnRU-KhxydxZRQw9zgncklvZQ,rudro54@gmail.com,Rud05906511
roar.media,https://roar.media/sign-in,rudro54@gmail.com,Rud05906511
www.roblox.com,https://www.roblox.com/,thecottoncloud7,mehvish123
www.roblox.com,https://www.roblox.com/,zafirahzayed,059065111
www.rokomari.com,https://www.rokomari.com/login,rudro54@gmail.com,Rud05906511
shikhun.net,https://shikhun.net/student-registration/,rudro54@,Rud05906511
www.sololearn.com,https://www.sololearn.com/onboarding/auth/signup,rudro54@gmail.com,Rud05906511
id.sonyentertainmentnetwork.com,https://id.sonyentertainmentnetwork.com/id/reset_password/,Rud05906511,Rud05906511
id.sonyentertainmentnetwork.com,https://id.sonyentertainmentnetwork.com/create_account/,aurin.abdullah@gmail.com,Rud05906511
id.sonyentertainmentnetwork.com,https://id.sonyentertainmentnetwork.com/signin/,zayed.abdullah.bgd@gmail.com,Rud05906511
www.spotify.com,https://www.spotify.com/bd-en/password-reset/change/,,Rud05906511
accounts.spotify.com,https://accounts.spotify.com/en/login,rudro54@gmail.com,Rud05906511
sqliteonline.com,https://sqliteonline.com/,rudro54@gmail.com,Rud05906511
www.torrentbd.net,https://www.torrentbd.net/torrent/account-signup.php,rudro54,Rud05906511
twitter.com,https://twitter.com/login,rudro54@gmail.com,Rud05906511
connect.ubisoft.com,https://connect.ubisoft.com/create,rudro54@gmail.com,Rud05906511
www.udemy.com,https://www.udemy.com/course/the-complete-web-development-bootcamp/,rudro54@gmail.com,Rud05906511
www.vocabulary.com,https://www.vocabulary.com/account/password/,,Rud05906511
applications.wes.org,https://applications.wes.org/createaccount/login/login,rudro54@gmail.com,Abc123@@
secure.wtfast.com,https://secure.wtfast.com/en/Account/Create,rudro54@gmail.com,Rud05906511
portal.xpossible.com,https://portal.xpossible.com/,1194,ALZA
portal.xpossible.com,https://portal.xpossible.com/,566,tama
portal.xpossible.com,https://portal.xpossible.com/,a566,abcd
us04web.zoom.us,https://us04web.zoom.us/activate,Abdullah,Rud05906511
